{
  "n_samples": 506,
  "n_features": 13,
  "missing_values_total": "120",
  "train_samples": 404,
  "test_samples": 102,
  "feature_stats": {
    "CRIM": {
      "mean": 3.6118739711934156,
      "std": 8.720191850151599,
      "min": 0.00632,
      "max": 88.9762,
      "missing": 20
    },
    "ZN": {
      "mean": 11.2119341563786,
      "std": 23.388876146265478,
      "min": 0.0,
      "max": 100.0,
      "missing": 20
    },
    "INDUS": {
      "mean": 11.083991769547325,
      "std": 6.83589649864144,
      "min": 0.46,
      "max": 27.74,
      "missing": 20
    },
    "CHAS": {
      "mean": 0.06995884773662552,
      "std": 0.2553404809065679,
      "min": 0.0,
      "max": 1.0,
      "missing": 20
    },
    "NOX": {
      "mean": 0.5546950592885376,
      "std": 0.11587767566755595,
      "min": 0.385,
      "max": 0.871,
      "missing": 0
    },
    "RM": {
      "mean": 6.284634387351779,
      "std": 0.7026171434153233,
      "min": 3.561,
      "max": 8.78,
      "missing": 0
    },
    "AGE": {
      "mean": 68.51851851851852,
      "std": 27.99951300509237,
      "min": 2.9,
      "max": 100.0,
      "missing": 20
    },
    "DIS": {
      "mean": 3.795042687747036,
      "std": 2.105710126627611,
      "min": 1.1296,
      "max": 12.1265,
      "missing": 0
    },
    "RAD": {
      "mean": 9.549407114624506,
      "std": 8.707259384239366,
      "min": 1.0,
      "max": 24.0,
      "missing": 0
    },
    "TAX": {
      "mean": 408.2371541501976,
      "std": 168.53711605495903,
      "min": 187.0,
      "max": 711.0,
      "missing": 0
    },
    "PTRATIO": {
      "mean": 18.455533596837945,
      "std": 2.1649455237144406,
      "min": 12.6,
      "max": 22.0,
      "missing": 0
    },
    "B": {
      "mean": 356.6740316205534,
      "std": 91.29486438415783,
      "min": 0.32,
      "max": 396.9,
      "missing": 0
    },
    "LSTAT": {
      "mean": 12.715432098765433,
      "std": 7.155870815805251,
      "min": 1.73,
      "max": 37.97,
      "missing": 20
    }
  },
  "target_stats": {
    "mean": 22.532806324110677,
    "std": 9.197104087379818,
    "min": 5.0,
    "max": 50.0
  }
}