{
  "train_metrics": {
    "rmse": 0.3481,
    "mae": 0.2652,
    "r2": 0.9986
  },
  "test_metrics": {
    "rmse": 2.388,
    "mae": 1.743,
    "r2": 0.9222
  },
  "feature_importance": {
    "RM": 0.4659949163701699,
    "LSTAT": 0.31756157646343636,
    "DIS": 0.06198762992839255,
    "CRIM": 0.04121220095075359,
    "PTRATIO": 0.027460307939320344,
    "TAX": 0.020582473142933762,
    "AGE": 0.019704181700747978,
    "NOX": 0.017660042642223372,
    "B": 0.01638654120036158,
    "RAD": 0.005451516918235875,
    "INDUS": 0.004263469952446231,
    "CHAS": 0.001260257282214337,
    "ZN": 0.0004748855087642251
  },
  "model_params": {
    "n_estimators": 150,
    "max_depth": 5,
    "learning_rate": 0.1,
    "min_samples_split": 6,
    "min_samples_leaf": 3,
    "subsample": 0.8,
    "random_state": 42
  },
  "overfitting_warning": false
}