{
  "artifact_id": "0732fb6a-7f90-4316-98a7-08d0f132420f",
  "created_at": "2026-02-08T20:58:47.740232+00:00",
  "model_type": "xgboost",
  "model_params": {
    "n_estimators": 150,
    "max_depth": 6,
    "learning_rate": 0.1,
    "subsample": 0.8,
    "colsample_bytree": 0.8,
    "reg_alpha": 0.1,
    "reg_lambda": 1.0,
    "random_state": 42,
    "n_jobs": -1
  },
  "preprocessing_strategy": "v4_robust_col",
  "preprocessing_version": "1.0.0",
  "feature_names": [
    "CRIM",
    "ZN",
    "INDUS",
    "CHAS",
    "NOX",
    "RM",
    "AGE",
    "DIS",
    "RAD",
    "TAX",
    "PTRATIO",
    "B",
    "LSTAT"
  ],
  "target_name": "MEDV",
  "training_samples": 404,
  "test_samples": 102,
  "random_state": 42,
  "feature_stats": {
    "CRIM": {
      "min": -0.10670269515962269,
      "max": 37.51479938007311
    },
    "ZN": {
      "min": 0.0,
      "max": 8.0
    },
    "INDUS": {
      "min": -0.6057319907048799,
      "max": 1.4856700232378002
    },
    "CHAS": {
      "min": -0.8547486033519555,
      "max": 1.8603351955307261
    },
    "NOX": {
      "min": -3.145058626465662,
      "max": 3.4438860971524288
    },
    "RM": {
      "min": -1.6212370005473453,
      "max": 0.5046524356869184
    },
    "AGE": {
      "min": -0.6176264177426293,
      "max": 2.7017665657991055
    },
    "DIS": {
      "min": -0.5,
      "max": 2.375
    },
    "RAD": {
      "min": -0.3695090439276486,
      "max": 0.9844961240310077
    },
    "TAX": {
      "min": -1.7941176470588243,
      "max": 0.9705882352941183
    },
    "PTRATIO": {
      "min": -19.27696289905088,
      "max": 0.27585356834709823
    },
    "B": {
      "min": -1.0029850746268656,
      "max": 2.9308005427408412
    },
    "LSTAT": {
      "min": 0.0,
      "max": 1.0
    }
  },
  "train_metrics": {
    "rmse": 0.1639,
    "mae": 0.1221,
    "r2": 0.9997,
    "mape": 0.6377,
    "accuracy_within_10pct": 100.0
  },
  "test_metrics": {
    "rmse": 2.4871,
    "mae": 1.817,
    "r2": 0.9156,
    "mape": 9.4209,
    "accuracy_within_10pct": 62.7451
  },
  "cv_metrics": {
    "cv_rmse_mean": 3.7845,
    "cv_rmse_std": 0.7837,
    "cv_r2_mean": 0.8299,
    "cv_r2_std": 0.056,
    "cv_n_splits": 5.0
  },
  "feature_importance": {
    "NOX": 0.29360488057136536,
    "B": 0.28557196259498596,
    "TAX": 0.09542840719223022,
    "CHAS": 0.06686649471521378,
    "RAD": 0.06050639599561691,
    "LSTAT": 0.05555155128240585,
    "AGE": 0.044749777764081955,
    "CRIM": 0.02454272471368313,
    "INDUS": 0.021645789965987206,
    "DIS": 0.01725134067237377,
    "RM": 0.01676170714199543,
    "PTRATIO": 0.011584755964577198,
    "ZN": 0.0059341322630643845
  },
  "mlflow_run_id": "b370c0ace6f44abd807add8e3784b107",
  "mlflow_experiment_name": "housing-price-prediction",
  "artifact_version": "1.0.0",
  "framework_versions": {
    "scikit-learn": "1.8.0",
    "python": "3.12.9"
  }
}