{
  "artifact_id": "109c3544-0486-408f-8f65-53b1bfb3d57b",
  "created_at": "2026-01-02T21:00:37.654785+00:00",
  "model_type": "xgboost",
  "model_params": {
    "n_estimators": 200,
    "max_depth": 12,
    "learning_rate": 0.5,
    "subsample": 1.0,
    "colsample_bytree": 0.8,
    "reg_alpha": 0.1,
    "reg_lambda": 1.0,
    "random_state": 42,
    "n_jobs": -1
  },
  "preprocessing_strategy": "v3_iterative",
  "preprocessing_version": "1.0.0",
  "feature_names": [
    "CRIM",
    "ZN",
    "INDUS",
    "CHAS",
    "NOX",
    "RM",
    "AGE",
    "DIS",
    "RAD",
    "TAX",
    "PTRATIO",
    "B",
    "LSTAT"
  ],
  "target_name": "MEDV",
  "training_samples": 404,
  "test_samples": 102,
  "random_state": 42,
  "feature_stats": {
    "CRIM": {
      "min": 0.00632,
      "max": 88.9762
    },
    "ZN": {
      "min": 0.0,
      "max": 100.0
    },
    "INDUS": {
      "min": 0.46,
      "max": 27.74
    },
    "CHAS": {
      "min": 0.0,
      "max": 1.0
    },
    "NOX": {
      "min": 0.385,
      "max": 0.871
    },
    "RM": {
      "min": 3.561,
      "max": 8.78
    },
    "AGE": {
      "min": 2.9,
      "max": 100.0
    },
    "DIS": {
      "min": 1.1296,
      "max": 12.1265
    },
    "RAD": {
      "min": 1.0,
      "max": 24.0
    },
    "TAX": {
      "min": 187.0,
      "max": 711.0
    },
    "PTRATIO": {
      "min": 12.6,
      "max": 22.0
    },
    "B": {
      "min": 0.32,
      "max": 396.9
    },
    "LSTAT": {
      "min": 1.73,
      "max": 37.97
    }
  },
  "train_metrics": {
    "rmse": 0.0119,
    "mae": 0.0075,
    "r2": 1.0,
    "mape": 0.0412,
    "accuracy_within_10pct": 100.0
  },
  "test_metrics": {
    "rmse": 2.7962,
    "mae": 2.0727,
    "r2": 0.8934,
    "mape": 11.1878,
    "accuracy_within_10pct": 64.7059
  },
  "cv_metrics": {
    "cv_rmse_mean": 4.0864,
    "cv_rmse_std": 0.6609,
    "cv_r2_mean": 0.8001,
    "cv_r2_std": 0.059,
    "cv_n_splits": 5.0
  },
  "feature_importance": {
    "RM": 0.4340730607509613,
    "LSTAT": 0.19731205701828003,
    "NOX": 0.11219718307256699,
    "DIS": 0.07182899862527847,
    "PTRATIO": 0.042461927980184555,
    "CRIM": 0.031365230679512024,
    "TAX": 0.030597414821386337,
    "AGE": 0.020779814571142197,
    "INDUS": 0.017522763460874557,
    "B": 0.017075268551707268,
    "RAD": 0.014750168658792973,
    "CHAS": 0.005941307637840509,
    "ZN": 0.0040948837995529175
  },
  "mlflow_run_id": "a5940965113d4be4acd1037e89d503ee",
  "mlflow_experiment_name": "housing-price-prediction",
  "artifact_version": "1.0.0",
  "framework_versions": {
    "scikit-learn": "1.8.0",
    "python": "3.12.3"
  }
}