{
  "artifact_id": "fdd31b96-1e74-426f-b9e1-3f99157c4863",
  "created_at": "2026-01-03T00:16:19.438250+00:00",
  "model_type": "random_forest",
  "model_params": {
    "n_estimators": 150,
    "max_depth": 15,
    "min_samples_split": 6,
    "min_samples_leaf": 3,
    "random_state": 42,
    "n_jobs": -1
  },
  "preprocessing_strategy": "v4_robust_col",
  "preprocessing_version": "1.0.0",
  "feature_names": [
    "CRIM",
    "ZN",
    "INDUS",
    "CHAS",
    "NOX",
    "RM",
    "AGE",
    "DIS",
    "RAD",
    "TAX",
    "PTRATIO",
    "B",
    "LSTAT"
  ],
  "target_name": "MEDV",
  "training_samples": 404,
  "test_samples": 102,
  "random_state": 42,
  "feature_stats": {
    "CRIM": {
      "min": 0.00632,
      "max": 88.9762
    },
    "ZN": {
      "min": 0.0,
      "max": 100.0
    },
    "INDUS": {
      "min": 0.46,
      "max": 27.74
    },
    "CHAS": {
      "min": 0.0,
      "max": 1.0
    },
    "NOX": {
      "min": 0.385,
      "max": 0.871
    },
    "RM": {
      "min": 3.561,
      "max": 8.78
    },
    "AGE": {
      "min": 2.9,
      "max": 100.0
    },
    "DIS": {
      "min": 1.1296,
      "max": 12.1265
    },
    "RAD": {
      "min": 1.0,
      "max": 24.0
    },
    "TAX": {
      "min": 187.0,
      "max": 711.0
    },
    "PTRATIO": {
      "min": 12.6,
      "max": 22.0
    },
    "B": {
      "min": 0.32,
      "max": 396.9
    },
    "LSTAT": {
      "min": 1.73,
      "max": 37.97
    }
  },
  "train_metrics": {
    "rmse": 2.3511,
    "mae": 1.3809,
    "r2": 0.9364,
    "mape": 6.9575,
    "accuracy_within_10pct": 83.1683
  },
  "test_metrics": {
    "rmse": 3.3222,
    "mae": 2.1744,
    "r2": 0.8495,
    "mape": 11.7269,
    "accuracy_within_10pct": 60.7843
  },
  "cv_metrics": {
    "cv_rmse_mean": 4.2404,
    "cv_rmse_std": 0.6372,
    "cv_r2_mean": 0.7821,
    "cv_r2_std": 0.0692,
    "cv_n_splits": 5.0
  },
  "feature_importance": {
    "NOX": 0.5826377725668533,
    "B": 0.2558768595407667,
    "AGE": 0.04463130255289932,
    "CRIM": 0.035472684992092635,
    "TAX": 0.019842968197342777,
    "CHAS": 0.015283946611944368,
    "RAD": 0.014111381592992675,
    "RM": 0.010935185642549819,
    "PTRATIO": 0.009892476536820771,
    "INDUS": 0.0053026736649637515,
    "DIS": 0.002977575227173242,
    "LSTAT": 0.0018048439223839715,
    "ZN": 0.0012303289512166843
  },
  "mlflow_run_id": "b64100752e5347d0ba0d6b585d7a6741",
  "mlflow_experiment_name": "housing-price-prediction",
  "artifact_version": "1.0.0",
  "framework_versions": {
    "scikit-learn": "1.8.0",
    "python": "3.12.3"
  }
}