{
  "artifact_id": "ab81beb4-9406-4dee-b711-f09c2985d020",
  "created_at": "2025-12-30T21:19:38.505627",
  "model_type": "gradient_boost",
  "model_params": {
    "n_estimators": 150,
    "max_depth": 5,
    "learning_rate": 0.1,
    "min_samples_split": 6,
    "min_samples_leaf": 3,
    "subsample": 0.8,
    "random_state": 42
  },
  "preprocessing_strategy": "v2_knn",
  "preprocessing_version": "1.0.0",
  "feature_names": [
    "CRIM",
    "ZN",
    "INDUS",
    "CHAS",
    "NOX",
    "RM",
    "AGE",
    "DIS",
    "RAD",
    "TAX",
    "PTRATIO",
    "B",
    "LSTAT"
  ],
  "target_name": "MEDV",
  "training_samples": 404,
  "test_samples": 102,
  "random_state": 42,
  "feature_stats": {
    "CRIM": {
      "min": 0.00632,
      "max": 88.9762
    },
    "ZN": {
      "min": 0.0,
      "max": 100.0
    },
    "INDUS": {
      "min": 0.46,
      "max": 27.74
    },
    "CHAS": {
      "min": 0.0,
      "max": 1.0
    },
    "NOX": {
      "min": 0.385,
      "max": 0.871
    },
    "RM": {
      "min": 3.561,
      "max": 8.78
    },
    "AGE": {
      "min": 2.9,
      "max": 100.0
    },
    "DIS": {
      "min": 1.1296,
      "max": 12.1265
    },
    "RAD": {
      "min": 1.0,
      "max": 24.0
    },
    "TAX": {
      "min": 187.0,
      "max": 711.0
    },
    "PTRATIO": {
      "min": 12.6,
      "max": 22.0
    },
    "B": {
      "min": 0.32,
      "max": 396.9
    },
    "LSTAT": {
      "min": 1.73,
      "max": 37.97
    }
  },
  "train_metrics": {
    "rmse": 0.3481,
    "mae": 0.2652,
    "r2": 0.9986
  },
  "test_metrics": {
    "rmse": 2.388,
    "mae": 1.743,
    "r2": 0.9222
  },
  "feature_importance": {
    "RM": 0.4659949163701699,
    "LSTAT": 0.31756157646343636,
    "DIS": 0.06198762992839255,
    "CRIM": 0.04121220095075359,
    "PTRATIO": 0.027460307939320344,
    "TAX": 0.020582473142933762,
    "AGE": 0.019704181700747978,
    "NOX": 0.017660042642223372,
    "B": 0.01638654120036158,
    "RAD": 0.005451516918235875,
    "INDUS": 0.004263469952446231,
    "CHAS": 0.001260257282214337,
    "ZN": 0.0004748855087642251
  },
  "mlflow_run_id": "3216aee624cd494e9a17afafa6e45904",
  "mlflow_experiment_name": "housing-price-prediction",
  "artifact_version": "1.0.0",
  "framework_versions": {
    "scikit-learn": "1.8.0",
    "python": "3.12.3"
  }
}