{
  "artifact_id": "f5471179-0eb7-4382-9213-f885515c2afa",
  "created_at": "2026-01-02T14:06:58.222708+00:00",
  "model_type": "random_forest",
  "model_params": {
    "n_estimators": 150,
    "max_depth": 15,
    "min_samples_split": 6,
    "min_samples_leaf": 3,
    "random_state": 42,
    "n_jobs": -1
  },
  "preprocessing_strategy": "v1_median",
  "preprocessing_version": "1.0.0",
  "feature_names": [
    "CRIM",
    "ZN",
    "INDUS",
    "CHAS",
    "NOX",
    "RM",
    "AGE",
    "DIS",
    "RAD",
    "TAX",
    "PTRATIO",
    "B",
    "LSTAT"
  ],
  "target_name": "MEDV",
  "training_samples": 404,
  "test_samples": 102,
  "random_state": 42,
  "feature_stats": {
    "CRIM": {
      "min": 0.00632,
      "max": 88.9762
    },
    "ZN": {
      "min": 0.0,
      "max": 100.0
    },
    "INDUS": {
      "min": 0.46,
      "max": 27.74
    },
    "CHAS": {
      "min": 0.0,
      "max": 1.0
    },
    "NOX": {
      "min": 0.385,
      "max": 0.871
    },
    "RM": {
      "min": 3.561,
      "max": 8.78
    },
    "AGE": {
      "min": 2.9,
      "max": 100.0
    },
    "DIS": {
      "min": 1.1296,
      "max": 12.1265
    },
    "RAD": {
      "min": 1.0,
      "max": 24.0
    },
    "TAX": {
      "min": 187.0,
      "max": 711.0
    },
    "PTRATIO": {
      "min": 12.6,
      "max": 22.0
    },
    "B": {
      "min": 0.32,
      "max": 396.9
    },
    "LSTAT": {
      "min": 1.73,
      "max": 37.97
    }
  },
  "train_metrics": {
    "rmse": 2.3549,
    "mae": 1.3839,
    "r2": 0.9362
  },
  "test_metrics": {
    "rmse": 3.326,
    "mae": 2.172,
    "r2": 0.8492
  },
  "feature_importance": {
    "RM": 0.5826047019289222,
    "LSTAT": 0.25612254358948755,
    "DIS": 0.04472933490551274,
    "CRIM": 0.03551819872091724,
    "PTRATIO": 0.01975575897555676,
    "NOX": 0.015146094710647704,
    "TAX": 0.01404627783209704,
    "AGE": 0.010924480807851383,
    "B": 0.009867515011105934,
    "INDUS": 0.005449543417505672,
    "RAD": 0.0027936055916656473,
    "CHAS": 0.0017920991693304036,
    "ZN": 0.0012498453393997911
  },
  "mlflow_run_id": "da85786009ea464f920a7b882f723c01",
  "mlflow_experiment_name": "housing-price-prediction",
  "artifact_version": "1.0.0",
  "framework_versions": {
    "scikit-learn": "1.8.0",
    "python": "3.12.3"
  }
}