{
  "artifact_id": "dce7504b-fd5a-40c9-b6ab-31df9dc3eb49",
  "created_at": "2026-01-15T20:55:19.595934+00:00",
  "model_type": "random_forest",
  "model_params": {
    "n_estimators": 150,
    "max_depth": 15,
    "min_samples_split": 6,
    "min_samples_leaf": 3,
    "random_state": 42,
    "n_jobs": -1
  },
  "preprocessing_strategy": "v2_knn",
  "preprocessing_version": "1.0.0",
  "feature_names": [
    "CRIM",
    "ZN",
    "INDUS",
    "CHAS",
    "NOX",
    "RM",
    "AGE",
    "DIS",
    "RAD",
    "TAX",
    "PTRATIO",
    "B",
    "LSTAT"
  ],
  "target_name": "MEDV",
  "training_samples": 404,
  "test_samples": 102,
  "random_state": 42,
  "feature_stats": {
    "CRIM": {
      "min": -0.4122779078993851,
      "max": 9.444730402590189
    },
    "ZN": {
      "min": -0.5013442864498365,
      "max": 3.800486347233955
    },
    "INDUS": {
      "min": -1.494484952191908,
      "max": 2.449151574265533
    },
    "CHAS": {
      "min": -0.28521652631158456,
      "max": 3.6340853998748157
    },
    "NOX": {
      "min": -1.4587107822280947,
      "max": 2.6753937712882787
    },
    "RM": {
      "min": -3.4617329097131746,
      "max": 3.477564473948164
    },
    "AGE": {
      "min": -2.3898827090201196,
      "max": 1.137139172985386
    },
    "DIS": {
      "min": -1.2583910720072276,
      "max": 3.907899660260739
    },
    "RAD": {
      "min": -0.9740475762993263,
      "max": 1.7068914281359044
    },
    "TAX": {
      "min": -1.3076837574806357,
      "max": 1.849572897023996
    },
    "PTRATIO": {
      "min": -2.5689436603890115,
      "max": 1.6539896114893164
    },
    "B": {
      "min": -3.892248541744519,
      "max": 0.44418004092459684
    },
    "LSTAT": {
      "min": -1.525088527064495,
      "max": 3.6259944879997845
    }
  },
  "train_metrics": {
    "rmse": 2.215,
    "mae": 1.289,
    "r2": 0.9435,
    "mape": 6.3991,
    "accuracy_within_10pct": 84.4059
  },
  "test_metrics": {
    "rmse": 3.1502,
    "mae": 2.1085,
    "r2": 0.8647,
    "mape": 11.4787,
    "accuracy_within_10pct": 61.7647
  },
  "cv_metrics": {
    "cv_rmse_mean": 4.0332,
    "cv_rmse_std": 0.7289,
    "cv_r2_mean": 0.8035,
    "cv_r2_std": 0.069,
    "cv_n_splits": 5.0
  },
  "feature_importance": {
    "RM": 0.5452484985588382,
    "LSTAT": 0.30152478021239115,
    "DIS": 0.044438034854659234,
    "CRIM": 0.029259738689353255,
    "PTRATIO": 0.01904129530715647,
    "NOX": 0.017491455279445046,
    "TAX": 0.011817379976928232,
    "B": 0.010420457248496657,
    "AGE": 0.00999465009238136,
    "INDUS": 0.005395949339188406,
    "RAD": 0.0024707933064340034,
    "CHAS": 0.002092146020693678,
    "ZN": 0.0008048211140343922
  },
  "mlflow_run_id": "2e9cb90cbbee4f27bcd9b1978bc09f09",
  "mlflow_experiment_name": "housing-price-prediction",
  "artifact_version": "1.0.0",
  "framework_versions": {
    "scikit-learn": "1.8.0",
    "python": "3.12.9"
  }
}