{
  "artifact_id": "4e0edfdc-2572-4b6e-8ba2-11d439d74793",
  "created_at": "2026-01-04T19:55:18.902251+00:00",
  "model_type": "gradient_boost",
  "model_params": {
    "n_estimators": 100,
    "max_depth": 3,
    "learning_rate": 0.1,
    "min_samples_split": 2,
    "min_samples_leaf": 3,
    "subsample": 0.8,
    "random_state": 42
  },
  "preprocessing_strategy": "v2_knn",
  "preprocessing_version": "1.0.0",
  "feature_names": [
    "CRIM",
    "ZN",
    "INDUS",
    "CHAS",
    "NOX",
    "RM",
    "AGE",
    "DIS",
    "RAD",
    "TAX",
    "PTRATIO",
    "B",
    "LSTAT"
  ],
  "target_name": "MEDV",
  "training_samples": 404,
  "test_samples": 102,
  "random_state": 42,
  "feature_stats": {
    "CRIM": {
      "min": -0.4122779078993851,
      "max": 9.444730402590189
    },
    "ZN": {
      "min": -0.5013442864498365,
      "max": 3.800486347233955
    },
    "INDUS": {
      "min": -1.494484952191908,
      "max": 2.449151574265533
    },
    "CHAS": {
      "min": -0.28521652631158456,
      "max": 3.6340853998748157
    },
    "NOX": {
      "min": -1.4587107822280947,
      "max": 2.6753937712882787
    },
    "RM": {
      "min": -3.4617329097131746,
      "max": 3.477564473948164
    },
    "AGE": {
      "min": -2.3898827090201196,
      "max": 1.137139172985386
    },
    "DIS": {
      "min": -1.2583910720072276,
      "max": 3.907899660260739
    },
    "RAD": {
      "min": -0.9740475762993263,
      "max": 1.7068914281359044
    },
    "TAX": {
      "min": -1.3076837574806357,
      "max": 1.849572897023996
    },
    "PTRATIO": {
      "min": -2.5689436603890115,
      "max": 1.6539896114893164
    },
    "B": {
      "min": -3.892248541744519,
      "max": 0.44418004092459684
    },
    "LSTAT": {
      "min": -1.525088527064495,
      "max": 3.6259944879997845
    }
  },
  "train_metrics": {
    "rmse": 1.4806,
    "mae": 1.1037,
    "r2": 0.9748,
    "mape": 5.7706,
    "accuracy_within_10pct": 84.4059
  },
  "test_metrics": {
    "rmse": 2.5497,
    "mae": 1.8979,
    "r2": 0.9114,
    "mape": 10.2739,
    "accuracy_within_10pct": 63.7255
  },
  "cv_metrics": {
    "cv_rmse_mean": 3.5004,
    "cv_rmse_std": 0.6407,
    "cv_r2_mean": 0.8555,
    "cv_r2_std": 0.0376,
    "cv_n_splits": 5.0
  },
  "feature_importance": {
    "RM": 0.4280797789772916,
    "LSTAT": 0.3614010935750607,
    "DIS": 0.06144329028477185,
    "CRIM": 0.04579919403312022,
    "PTRATIO": 0.03486560840640535,
    "NOX": 0.019695877064352628,
    "TAX": 0.01504730235868227,
    "AGE": 0.014786684627851718,
    "B": 0.0123994402261469,
    "INDUS": 0.003045256500415871,
    "RAD": 0.0019774420841276712,
    "CHAS": 0.001257508789226611,
    "ZN": 0.00020152307254659154
  },
  "mlflow_run_id": "88eb0b40d7954e529185bc028f848d6c",
  "mlflow_experiment_name": "housing-price-prediction",
  "artifact_version": "1.0.0",
  "framework_versions": {
    "scikit-learn": "1.8.0",
    "python": "3.12.9"
  }
}