{
  "artifact_id": "a6932da8-e6da-4843-aa51-c5864a61936e",
  "created_at": "2026-01-04T19:35:57.880836+00:00",
  "model_type": "linear",
  "model_params": {
    "alpha": 1.0,
    "random_state": 42
  },
  "preprocessing_strategy": "v4_robust_col",
  "preprocessing_version": "1.0.0",
  "feature_names": [
    "CRIM",
    "ZN",
    "INDUS",
    "CHAS",
    "NOX",
    "RM",
    "AGE",
    "DIS",
    "RAD",
    "TAX",
    "PTRATIO",
    "B",
    "LSTAT"
  ],
  "target_name": "MEDV",
  "training_samples": 404,
  "test_samples": 102,
  "random_state": 42,
  "feature_stats": {
    "CRIM": {
      "min": -0.10670269515962269,
      "max": 37.51479938007311
    },
    "ZN": {
      "min": 0.0,
      "max": 8.0
    },
    "INDUS": {
      "min": -0.6057319907048799,
      "max": 1.4856700232378002
    },
    "CHAS": {
      "min": -0.8547486033519555,
      "max": 1.8603351955307261
    },
    "NOX": {
      "min": -3.145058626465662,
      "max": 3.4438860971524288
    },
    "RM": {
      "min": -1.6212370005473453,
      "max": 0.5046524356869184
    },
    "AGE": {
      "min": -0.6176264177426293,
      "max": 2.7017665657991055
    },
    "DIS": {
      "min": -0.5,
      "max": 2.375
    },
    "RAD": {
      "min": -0.3695090439276486,
      "max": 0.9844961240310077
    },
    "TAX": {
      "min": -1.7941176470588243,
      "max": 0.9705882352941183
    },
    "PTRATIO": {
      "min": -19.27696289905088,
      "max": 0.27585356834709823
    },
    "B": {
      "min": -1.0029850746268656,
      "max": 2.9308005427408412
    },
    "LSTAT": {
      "min": 0.0,
      "max": 1.0
    }
  },
  "train_metrics": {
    "rmse": 4.7283,
    "mae": 3.3428,
    "r2": 0.7427,
    "mape": 16.7672,
    "accuracy_within_10pct": 45.0495
  },
  "test_metrics": {
    "rmse": 5.003,
    "mae": 3.1428,
    "r2": 0.6587,
    "mape": 16.5556,
    "accuracy_within_10pct": 48.0392
  },
  "cv_metrics": {},
  "feature_importance": {
    "AGE": 0.17198587937185664,
    "B": 0.14467563609685938,
    "NOX": 0.12537342882118674,
    "LSTAT": 0.1128858673321727,
    "RAD": 0.11098186616219072,
    "TAX": 0.10653569880681431,
    "CHAS": 0.09822098474266468,
    "DIS": 0.057022783141421785,
    "RM": 0.028503124917585585,
    "INDUS": 0.013873787584304718,
    "ZN": 0.011879229872916319,
    "CRIM": 0.009394265630339693,
    "PTRATIO": 0.008667447519686667
  },
  "mlflow_run_id": "f8d90badfd4443d5af4edd610b61b4fd",
  "mlflow_experiment_name": "housing-price-prediction",
  "artifact_version": "1.0.0",
  "framework_versions": {
    "scikit-learn": "1.8.0",
    "python": "3.12.9"
  }
}