{
  "artifact_id": "0af11cd6-d182-4fbb-a4f6-c320cc312a79",
  "created_at": "2025-12-30T21:04:24.928889",
  "model_type": "random_forest",
  "model_params": {
    "n_estimators": 150,
    "max_depth": 15,
    "min_samples_split": 6,
    "min_samples_leaf": 3,
    "random_state": 42,
    "n_jobs": -1
  },
  "preprocessing_strategy": "v1_median",
  "preprocessing_version": "1.0.0",
  "feature_names": [
    "CRIM",
    "ZN",
    "INDUS",
    "CHAS",
    "NOX",
    "RM",
    "AGE",
    "DIS",
    "RAD",
    "TAX",
    "PTRATIO",
    "B",
    "LSTAT"
  ],
  "target_name": "MEDV",
  "training_samples": 404,
  "test_samples": 102,
  "random_state": 42,
  "train_metrics": {
    "rmse": 2.3549,
    "mae": 1.3839,
    "r2": 0.9362
  },
  "test_metrics": {
    "rmse": 3.326,
    "mae": 2.172,
    "r2": 0.8492
  },
  "feature_importance": {
    "RM": 0.5826047019289222,
    "LSTAT": 0.25612254358948755,
    "DIS": 0.04472933490551274,
    "CRIM": 0.03551819872091724,
    "PTRATIO": 0.01975575897555676,
    "NOX": 0.015146094710647704,
    "TAX": 0.01404627783209704,
    "AGE": 0.010924480807851383,
    "B": 0.009867515011105934,
    "INDUS": 0.005449543417505672,
    "RAD": 0.0027936055916656473,
    "CHAS": 0.0017920991693304036,
    "ZN": 0.0012498453393997911
  },
  "mlflow_run_id": "1a06de8230ad4dda89e88428d3e6e7e2",
  "mlflow_experiment_name": "housing-price-prediction",
  "artifact_version": "1.0.0",
  "framework_versions": {
    "scikit-learn": "1.8.0",
    "python": "3.12.3"
  }
}