{
  "artifact_id": "7a9a6159-1e49-4525-ae64-3a7fe98bc63d",
  "created_at": "2025-12-31T16:07:39.955985+00:00",
  "model_type": "gradient_boost",
  "model_params": {
    "n_estimators": 150,
    "max_depth": 5,
    "learning_rate": 0.1,
    "min_samples_split": 6,
    "min_samples_leaf": 3,
    "subsample": 0.8,
    "random_state": 42
  },
  "preprocessing_strategy": "v4_robust_col",
  "preprocessing_version": "1.0.0",
  "feature_names": [
    "CRIM",
    "ZN",
    "INDUS",
    "CHAS",
    "NOX",
    "RM",
    "AGE",
    "DIS",
    "RAD",
    "TAX",
    "PTRATIO",
    "B",
    "LSTAT"
  ],
  "target_name": "MEDV",
  "training_samples": 404,
  "test_samples": 102,
  "random_state": 42,
  "feature_stats": {
    "CRIM": {
      "min": 0.00632,
      "max": 88.9762
    },
    "ZN": {
      "min": 0.0,
      "max": 100.0
    },
    "INDUS": {
      "min": 0.46,
      "max": 27.74
    },
    "CHAS": {
      "min": 0.0,
      "max": 1.0
    },
    "NOX": {
      "min": 0.385,
      "max": 0.871
    },
    "RM": {
      "min": 3.561,
      "max": 8.78
    },
    "AGE": {
      "min": 2.9,
      "max": 100.0
    },
    "DIS": {
      "min": 1.1296,
      "max": 12.1265
    },
    "RAD": {
      "min": 1.0,
      "max": 24.0
    },
    "TAX": {
      "min": 187.0,
      "max": 711.0
    },
    "PTRATIO": {
      "min": 12.6,
      "max": 22.0
    },
    "B": {
      "min": 0.32,
      "max": 396.9
    },
    "LSTAT": {
      "min": 1.73,
      "max": 37.97
    }
  },
  "train_metrics": {
    "rmse": 0.3133,
    "mae": 0.2369,
    "r2": 0.9989
  },
  "test_metrics": {
    "rmse": 2.2797,
    "mae": 1.7862,
    "r2": 0.9291
  },
  "feature_importance": {
    "NOX": 0.545994053152123,
    "B": 0.22446108442175192,
    "AGE": 0.06860782288070623,
    "CRIM": 0.04299506456823131,
    "TAX": 0.028729663732551036,
    "RAD": 0.02658826644807764,
    "CHAS": 0.024973600383137024,
    "RM": 0.016995341195905508,
    "PTRATIO": 0.01271975319560907,
    "INDUS": 0.003463786671407097,
    "DIS": 0.002471144681018603,
    "LSTAT": 0.001822203243453641,
    "ZN": 0.00017821542602786954
  },
  "mlflow_run_id": "44cd6e0c70ce411595d8a7ca4a91c583",
  "mlflow_experiment_name": "housing-price-prediction",
  "artifact_version": "1.0.0",
  "framework_versions": {
    "scikit-learn": "1.8.0",
    "python": "3.12.3"
  }
}