{
  "train_metrics": {
    "rmse": 2.215,
    "mae": 1.289,
    "r2": 0.9435,
    "mape": 6.3991,
    "accuracy_within_10pct": 84.4059
  },
  "test_metrics": {
    "rmse": 3.1502,
    "mae": 2.1085,
    "r2": 0.8647,
    "mape": 11.4787,
    "accuracy_within_10pct": 61.7647
  },
  "feature_importance": {
    "RM": 0.5452484985588382,
    "LSTAT": 0.30152478021239115,
    "DIS": 0.044438034854659234,
    "CRIM": 0.029259738689353255,
    "PTRATIO": 0.01904129530715647,
    "NOX": 0.017491455279445046,
    "TAX": 0.011817379976928232,
    "B": 0.010420457248496657,
    "AGE": 0.00999465009238136,
    "INDUS": 0.005395949339188406,
    "RAD": 0.0024707933064340034,
    "CHAS": 0.002092146020693678,
    "ZN": 0.0008048211140343922
  },
  "model_params": {
    "n_estimators": 150,
    "max_depth": 15,
    "min_samples_split": 6,
    "min_samples_leaf": 3,
    "random_state": 42,
    "n_jobs": -1
  },
  "overfitting_warning": false
}