{
  "train_metrics": {
    "rmse": 2.3511,
    "mae": 1.3809,
    "r2": 0.9364,
    "mape": 6.9575,
    "accuracy_within_10pct": 83.1683
  },
  "test_metrics": {
    "rmse": 3.3222,
    "mae": 2.1744,
    "r2": 0.8495,
    "mape": 11.7269,
    "accuracy_within_10pct": 60.7843
  },
  "feature_importance": {
    "NOX": 0.5826377725668533,
    "B": 0.2558768595407667,
    "AGE": 0.04463130255289932,
    "CRIM": 0.035472684992092635,
    "TAX": 0.019842968197342777,
    "CHAS": 0.015283946611944368,
    "RAD": 0.014111381592992675,
    "RM": 0.010935185642549819,
    "PTRATIO": 0.009892476536820771,
    "INDUS": 0.0053026736649637515,
    "DIS": 0.002977575227173242,
    "LSTAT": 0.0018048439223839715,
    "ZN": 0.0012303289512166843
  },
  "model_params": {
    "n_estimators": 150,
    "max_depth": 15,
    "min_samples_split": 6,
    "min_samples_leaf": 3,
    "random_state": 42,
    "n_jobs": -1
  },
  "overfitting_warning": false
}