{
  "train_metrics": {
    "rmse": 0.1639,
    "mae": 0.1221,
    "r2": 0.9997,
    "mape": 0.6377,
    "accuracy_within_10pct": 100.0
  },
  "test_metrics": {
    "rmse": 2.4871,
    "mae": 1.817,
    "r2": 0.9156,
    "mape": 9.4209,
    "accuracy_within_10pct": 62.7451
  },
  "feature_importance": {
    "NOX": 0.29360488057136536,
    "B": 0.28557196259498596,
    "TAX": 0.09542840719223022,
    "CHAS": 0.06686649471521378,
    "RAD": 0.06050639599561691,
    "LSTAT": 0.05555155128240585,
    "AGE": 0.044749777764081955,
    "CRIM": 0.02454272471368313,
    "INDUS": 0.021645789965987206,
    "DIS": 0.01725134067237377,
    "RM": 0.01676170714199543,
    "PTRATIO": 0.011584755964577198,
    "ZN": 0.0059341322630643845
  },
  "model_params": {
    "n_estimators": 150,
    "max_depth": 6,
    "learning_rate": 0.1,
    "subsample": 0.8,
    "colsample_bytree": 0.8,
    "reg_alpha": 0.1,
    "reg_lambda": 1.0,
    "random_state": 42,
    "n_jobs": -1
  },
  "overfitting_warning": false
}