{
  "train_metrics": {
    "rmse": 2.3803,
    "mae": 1.4398,
    "r2": 0.9348
  },
  "test_metrics": {
    "rmse": 3.3357,
    "mae": 2.1886,
    "r2": 0.8483
  },
  "feature_importance": {
    "RM": 0.582199822846407,
    "LSTAT": 0.2561775104255577,
    "DIS": 0.04424702410334598,
    "CRIM": 0.03584176971350716,
    "PTRATIO": 0.020388478432016098,
    "NOX": 0.014687170804364031,
    "TAX": 0.014418638243857758,
    "AGE": 0.011282956832242392,
    "B": 0.009836354993017412,
    "INDUS": 0.00549971334445541,
    "RAD": 0.0022948624641245287,
    "CHAS": 0.0020129212019307703,
    "ZN": 0.0011127765951738258
  },
  "model_params": {
    "n_estimators": 100,
    "max_depth": 10,
    "min_samples_split": 6,
    "min_samples_leaf": 3,
    "random_state": 42,
    "n_jobs": -1
  },
  "overfitting_warning": false
}