{
  "train_metrics": {
    "rmse": 4.7283,
    "mae": 3.3428,
    "r2": 0.7427,
    "mape": 16.7672,
    "accuracy_within_10pct": 45.0495
  },
  "test_metrics": {
    "rmse": 5.003,
    "mae": 3.1428,
    "r2": 0.6587,
    "mape": 16.5556,
    "accuracy_within_10pct": 48.0392
  },
  "feature_importance": {
    "AGE": 0.17198587937185664,
    "B": 0.14467563609685938,
    "NOX": 0.12537342882118674,
    "LSTAT": 0.1128858673321727,
    "RAD": 0.11098186616219072,
    "TAX": 0.10653569880681431,
    "CHAS": 0.09822098474266468,
    "DIS": 0.057022783141421785,
    "RM": 0.028503124917585585,
    "INDUS": 0.013873787584304718,
    "ZN": 0.011879229872916319,
    "CRIM": 0.009394265630339693,
    "PTRATIO": 0.008667447519686667
  },
  "model_params": {
    "alpha": 1.0,
    "random_state": 42
  },
  "overfitting_warning": false
}