{
  "train_metrics": {
    "rmse": 0.3133,
    "mae": 0.2369,
    "r2": 0.9989
  },
  "test_metrics": {
    "rmse": 2.2797,
    "mae": 1.7862,
    "r2": 0.9291
  },
  "feature_importance": {
    "NOX": 0.545994053152123,
    "B": 0.22446108442175192,
    "AGE": 0.06860782288070623,
    "CRIM": 0.04299506456823131,
    "TAX": 0.028729663732551036,
    "RAD": 0.02658826644807764,
    "CHAS": 0.024973600383137024,
    "RM": 0.016995341195905508,
    "PTRATIO": 0.01271975319560907,
    "INDUS": 0.003463786671407097,
    "DIS": 0.002471144681018603,
    "LSTAT": 0.001822203243453641,
    "ZN": 0.00017821542602786954
  },
  "model_params": {
    "n_estimators": 150,
    "max_depth": 5,
    "learning_rate": 0.1,
    "min_samples_split": 6,
    "min_samples_leaf": 3,
    "subsample": 0.8,
    "random_state": 42
  },
  "overfitting_warning": false
}