{
  "train_metrics": {
    "rmse": 0.0119,
    "mae": 0.0075,
    "r2": 1.0,
    "mape": 0.0412,
    "accuracy_within_10pct": 100.0
  },
  "test_metrics": {
    "rmse": 2.7962,
    "mae": 2.0727,
    "r2": 0.8934,
    "mape": 11.1878,
    "accuracy_within_10pct": 64.7059
  },
  "feature_importance": {
    "RM": 0.4340730607509613,
    "LSTAT": 0.19731205701828003,
    "NOX": 0.11219718307256699,
    "DIS": 0.07182899862527847,
    "PTRATIO": 0.042461927980184555,
    "CRIM": 0.031365230679512024,
    "TAX": 0.030597414821386337,
    "AGE": 0.020779814571142197,
    "INDUS": 0.017522763460874557,
    "B": 0.017075268551707268,
    "RAD": 0.014750168658792973,
    "CHAS": 0.005941307637840509,
    "ZN": 0.0040948837995529175
  },
  "model_params": {
    "n_estimators": 200,
    "max_depth": 12,
    "learning_rate": 0.5,
    "subsample": 1.0,
    "colsample_bytree": 0.8,
    "reg_alpha": 0.1,
    "reg_lambda": 1.0,
    "random_state": 42,
    "n_jobs": -1
  },
  "overfitting_warning": true
}