{
  "train_metrics": {
    "rmse": 1.4806,
    "mae": 1.1037,
    "r2": 0.9748,
    "mape": 5.7706,
    "accuracy_within_10pct": 84.4059
  },
  "test_metrics": {
    "rmse": 2.5497,
    "mae": 1.8979,
    "r2": 0.9114,
    "mape": 10.2739,
    "accuracy_within_10pct": 63.7255
  },
  "feature_importance": {
    "RM": 0.4280797789772916,
    "LSTAT": 0.3614010935750607,
    "DIS": 0.06144329028477185,
    "CRIM": 0.04579919403312022,
    "PTRATIO": 0.03486560840640535,
    "NOX": 0.019695877064352628,
    "TAX": 0.01504730235868227,
    "AGE": 0.014786684627851718,
    "B": 0.0123994402261469,
    "INDUS": 0.003045256500415871,
    "RAD": 0.0019774420841276712,
    "CHAS": 0.001257508789226611,
    "ZN": 0.00020152307254659154
  },
  "model_params": {
    "n_estimators": 100,
    "max_depth": 3,
    "learning_rate": 0.1,
    "min_samples_split": 2,
    "min_samples_leaf": 3,
    "subsample": 0.8,
    "random_state": 42
  },
  "overfitting_warning": false
}