{
  "train_metrics": {
    "rmse": 2.3549,
    "mae": 1.3839,
    "r2": 0.9362,
    "mape": 6.9674,
    "accuracy_within_10pct": 83.4158
  },
  "test_metrics": {
    "rmse": 3.326,
    "mae": 2.172,
    "r2": 0.8492,
    "mape": 11.746,
    "accuracy_within_10pct": 59.8039
  },
  "feature_importance": {
    "RM": 0.5826047019289222,
    "LSTAT": 0.25612254358948755,
    "DIS": 0.04472933490551274,
    "CRIM": 0.03551819872091724,
    "PTRATIO": 0.01975575897555676,
    "NOX": 0.015146094710647704,
    "TAX": 0.01404627783209704,
    "AGE": 0.010924480807851383,
    "B": 0.009867515011105934,
    "INDUS": 0.005449543417505672,
    "RAD": 0.0027936055916656473,
    "CHAS": 0.0017920991693304036,
    "ZN": 0.0012498453393997911
  },
  "model_params": {
    "n_estimators": 150,
    "max_depth": 15,
    "min_samples_split": 6,
    "min_samples_leaf": 3,
    "random_state": 42,
    "n_jobs": -1
  },
  "overfitting_warning": false
}