{
  "train_metrics": {
    "rmse": 2.0945,
    "mae": 1.2894,
    "r2": 0.9495
  },
  "test_metrics": {
    "rmse": 3.0686,
    "mae": 2.138,
    "r2": 0.8716
  },
  "feature_importance": {
    "RM": 0.5727926583891157,
    "LSTAT": 0.24849675439061789,
    "DIS": 0.05617417850335154,
    "CRIM": 0.03915622766097058,
    "PTRATIO": 0.021192506128000423,
    "NOX": 0.015072861305219502,
    "TAX": 0.014169969166885454,
    "AGE": 0.011383012152764674,
    "B": 0.010743529485820498,
    "INDUS": 0.005583817518745557,
    "RAD": 0.0028917122793759094,
    "CHAS": 0.0012097614295009027,
    "ZN": 0.0011330115896313574
  },
  "model_params": {
    "n_estimators": 100,
    "max_depth": 10,
    "min_samples_split": 5,
    "min_samples_leaf": 2,
    "random_state": 42,
    "n_jobs": -1
  },
  "overfitting_warning": false
}